Name,Price
Xiaomi Redmi Note 7 (64GB),"164,79 €"
Xiaomi Redmi Note 6 Pro (64GB),"154,79 €"
Samsung Galaxy A50 Dual (4GB/128GB),"240,24 €"
Xiaomi Redmi 7 (32GB),"115,85 €"
Xiaomi Mi A2 (64GB),"137,90 €"
Samsung Galaxy A70 Dual (128GB),"291,78 €"
Xiaomi Redmi 6A (16GB),"74,50 €"
Xiaomi Pocophone F1 (64GB),"245,90 €"
Xiaomi Redmi Note 5 (64GB),"144,85 €"
Apple iPhone 8 Plus (64GB),"604,60 €"
Samsung Galaxy A40 Dual (64GB),"184,40 €"
Samsung Galaxy S10+ Dual (128GB),"628,00 €"
Huawei P20 Lite Dual (64GB),"169,70 €"
Apple iPhone XR (64GB),"664,60 €"
Xiaomi Redmi Note 7 (32GB),"144,45 €"
Xiaomi Redmi 6 (32GB),"102,80 €"
Xiaomi Redmi Note 6 Pro (32GB),"134,50 €"
Huawei Mate 20 Lite Dual (4GB/64GB),"179,30 €"
Samsung Galaxy S10 Dual (128GB),"565,86 €"
Samsung Galaxy S10e Dual (128GB),"450,00 €"
Apple iPhone 7 (32GB),"371,71 €"
Samsung Galaxy S9+ Dual (64GB),"455,07 €"
Apple iPhone XS Max (64GB),"972,00 €"
Xiaomi Mi 8 Lite (64GB),"152,30 €"
Samsung Galaxy Note 9 Dual (128GB),"587,99 €"
Apple iPhone XS (64GB),"901,39 €"
Apple iPhone XR (128GB),"763,60 €"
Samsung Galaxy A7 (2018) Dual (64GB),"253,68 €"
Xiaomi Mi A2 Lite (64GB),"137,10 €"
Xiaomi Pocophone F1 (128GB),"279,00 €"
Huawei P20 Pro Dual (128GB),"413,60 €"
Xiaomi Redmi 7 (64GB),"128,20 €"
Apple iPhone 8 (64GB),"521,64 €"
Samsung Galaxy A6 (2018) Dual (32GB),"169,75 €"
Xiaomi Mi 8 (64GB),"275,40 €"
Huawei P30 Dual (128GB),"471,70 €"
Huawei P30 Lite Dual (128GB),"256,80 €"
Apple iPhone XS Max (256GB),"1.138,10 €"
Apple iPhone 7 Plus (32GB),"460,00 €"
Honor 10 (64GB),"205,05 €"
Xiaomi Mi 9 (128GB),"418,95 €"
Apple iPhone X (64GB),"770,00 €"
Samsung Galaxy S9 Dual (64GB),"421,50 €"
Xiaomi Mi A2 Lite (32GB),"119,80 €"
Huawei P Smart 2019 (64GB),"154,75 €"
Xiaomi Mi 8 (128GB),"317,90 €"
Xiaomi Redmi Note 7 (128GB),"193,90 €"
Xiaomi Mi 9 (64GB),"370,30 €"
Apple iPhone 6s (32GB),"278,50 €"
Samsung Galaxy A20e Dual (32GB),"133,12 €"
Apple iPhone XS (256GB),"1.045,10 €"
Samsung Galaxy A9 2018 Dual (128GB),"312,40 €"
Xiaomi Mi Play (64GB),"132,00 €"
Xiaomi Redmi 6A (2GB/32GB),"95,80 €"
Xiaomi Mi 9 SE (128GB),"302,30 €"
Xiaomi Redmi 7 (16GB),"97,30 €"
Honor 8X (64GB),"192,55 €"
Xiaomi Mi 8 Lite (128GB),"204,90 €"
Honor Play (64GB),"199,75 €"
Huawei P30 Pro Dual (256GB),"814,60 €"
Xiaomi Redmi Note 5 (32GB),"137,85 €"
Samsung Galaxy A6+ (2018) Dual (32GB),"191,35 €"
Samsung Galaxy J6 Dual (32GB),"157,80 €"
Samsung Galaxy A10 Dual (32GB),"124,00 €"
Samsung Galaxy S8 (64GB),"411,00 €"
Apple iPhone XS (512GB),"1.157,50 €"
Samsung Galaxy Note 8 Dual (64GB),"419,15 €"
Xiaomi Redmi Go (8GB),"59,95 €"
Honor 8X / View 10 Lite (128GB),"212,60 €"
Xiaomi Mi A2 (128GB),"195,35 €"
Xiaomi Mi Max 3 (64GB),"211,85 €"
Xiaomi Mi 9 SE (64GB),"269,24 €"
Huawei P20 Dual (64GB),"315,10 €"
OnePlus 7 Pro (8GB/256GB),"798,00 €"
Samsung Galaxy S9+ (64GB),"455,50 €"
Samsung Galaxy S8+ (64GB),"421,90 €"
Huawei Y7 2019 (32GB),"154,65 €"
Apple iPhone X (256GB),"904,60 €"
Huawei Mate 20 Dual (4GB/128GB),"380,90 €"
Xiaomi Mi 8 Pro (8GB/128GB),"360,47 €"
OnePlus 6T (8GB/128GB),"485,00 €"
Samsung Galaxy Note 9 Dual (512GB),"750,10 €"
Samsung Galaxy J6+ Dual (32GB),"154,84 €"
Xiaomi Redmi S2 (32GB),"131,99 €"
Xiaomi Redmi 5 Plus (64GB),"169,90 €"
Xiaomi Mi Mix 3 (128GB),"394,00 €"
Honor View 20 (128GB),"373,00 €"
Xiaomi Mi A2 (32GB),"144,94 €"
ZTE Nubia V18 (64GB),"144,90 €"
AGM A9 (64GB),"269,00 €"
Nokia 5.1 Plus (32GB),"148,98 €"
Huawei Mate 20 Pro (128GB),"520,70 €"
Xiaomi Redmi 6 (4GB/64GB),"123,50 €"
Cubot Power (128GB),"213,99 €"
LG V40 ThinQ Dual (128GB),"509,99 €"
Razer Phone 2 (64GB),"433,00 €"
Huawei P Smart Dual (32GB),"147,25 €"
Xiaomi Redmi 6 (3GB/64GB),"132,40 €"
BlackView A60 (16GB),"64,65 €"
LG G7 ThinQ (64GB),"324,65 €"
Apple iPhone 7 Plus (128GB),"561,10 €"
Apple iPhone 7 (128GB),"504,10 €"
Xiaomi Redmi S2 (64GB),"172,99 €"
OnePlus 5T (8GB/128GB),"447,00 €"
Xiaomi Mi A1 (64GB),"143,05 €"
Samsung Galaxy J4+ Dual (2GB/32GB),"136,39 €"
Xiaomi Redmi 5 Plus (32GB),"178,00 €"
Samsung Galaxy A6 (2018) (32GB),"178,75 €"
Huawei Y7 Prime 2018 (32GB),"128,98 €"
Huawei P20 Dual (128GB),"320,80 €"
BlackView BV9500 (64GB),"265,99 €"
Apple iPhone XR (256GB),"792,36 €"
Honor 9 Lite (32GB),"135,68 €"
Sony Xperia XZ3 Dual (64GB),"492,00 €"
Huawei Mate 10 Lite Dual (64GB),"228,00 €"
LG V30 (64GB),"289,50 €"
BlackView BV9000 Pro (128GB),"289,49 €"
Huawei Mate 20 Pro Dual (128GB),"473,60 €"
Alcatel 3L (16GB),"80,91 €"
HTC U12+ Dual (64GB),"437,09 €"
Huawei Y6 2019 Dual (32GB),"124,25 €"
Apple iPhone SE (32GB),"308,99 €"
Samsung Galaxy A7 (2018) (64GB),"257,30 €"
Samsung Galaxy S10+ (1TB),"1.660,00 €"
Powertech Sentry II,"31,00 €"
Nokia 3.1 (16GB),"93,90 €"
Nokia 7 Plus Dual (64GB),"267,84 €"
Huawei P20 (128GB),"315,70 €"
Nokia 105 (2017) Dual,"17,27 €"
Doogee S80 (64GB),"385,95 €"
Apple iPhone 8 Plus (256GB),"869,00 €"
Google Pixel 2 XL (128GB),"397,06 €"
Huawei P30 Pro Dual (6GB/128GB),"750,00 €"
Sony Xperia XZ2 (64GB),"368,00 €"
Razer Phone,"298,00 €"
Nokia 8.1 (64GB),"335,73 €"
Cubot X19 (64GB),"120,85 €"
Motorola One Dual (64GB),"164,00 €"
Apple iPhone XS Max (512GB),"1.411,00 €"
Powertech Sentry III PTM-10,"31,00 €"
Xiaomi Mi 9T (64GB),"364,80 €"
Honor View 20 (256GB),"441,30 €"
Samsung Galaxy A8 (2018) Dual (32GB),"318,72 €"
Google Pixel 2 XL (64GB),"459,90 €"
Samsung Galaxy J4 (32GB),"155,00 €"
Xiaomi Mi Mix 2S (64GB),"303,73 €"
Huawei Mate 10 Pro Dual (128GB),"449,00 €"
Huawei Y5 2019 Dual (16GB),"121,79 €"
Samsung Galaxy A6+ (2018) (32GB),"222,79 €"
Sony Xperia 10 Plus (64GB),"305,92 €"
Google Pixel 2 (64GB),"390,80 €"
Sony Xperia 10 (64GB),"290,00 €"
Samsung Galaxy Note 8 (64GB),"453,00 €"
Panasonic KX-TU150,"57,50 €"
Honor 10 Lite (32GB),"178,99 €"
Huawei Y7 Dual (2018) (16GB),"138,15 €"
Ulefone Armor X2 (16GB),"110,00 €"
Xiaomi Mi Note 3 (64GB),"239,00 €"
Nokia 7.1 (64GB),"294,70 €"
Xiaomi Redmi 4x (32GB),"179,00 €"
Sony Xperia XZ1 (64GB),"236,50 €"
Samsung Galaxy A5 2017 (32GB),"270,00 €"
TP-LINK Neffos C5 Plus (8GB),"56,89 €"
LG G6 (32GB),"274,40 €"
Samsung Galaxy J7 (2017) Duos (16GB),"232,80 €"
Xiaomi Redmi 5 (32GB),"154,70 €"
Samsung Galaxy S10+ Dual (1TB),"1.062,45 €"
OnePlus 7 Pro (12GB/256GB),"894,72 €"
Xiaomi Mi Mix 2 (64GB),"275,00 €"
HTC U Ultra (64GB),"154,31 €"
Alcatel 1S Dual (32GB),"94,80 €"
Huawei Y6 Dual (2018) (16GB),"110,00 €"
BlackView BV5800 (16GB),"125,95 €"
Motorola Moto G6 Plus (64GB),"177,60 €"
Samsung Galaxy S8 Dual (64GB),"450,00 €"
OnePlus 6 (64GB),"534,00 €"
Samsung Galaxy S9 (64GB),"499,90 €"
OnePlus 6 (128GB),"496,00 €"
Nokia 5 Dual (16GB),"81,75 €"
Honor 20 Lite (128GB),"279,01 €"
Samsung Galaxy Xcover 4 (16GB),"141,34 €"
Apple iPhone 6 (32GB),"275,50 €"
Motorola G7 Power (64GB),"177,92 €"
Alcatel 3026X,"60,57 €"
Huawei P20 Lite (64GB),"198,90 €"
OnePlus 6 (256GB),"593,00 €"
Honor 10 Lite (3GB/64GB),"176,00 €"
Meizu M6T (32GB),"120,09 €"
Samsung Galaxy J6 (32GB),"185,00 €"
Honor 9 (64GB),"279,00 €"
LG Q7 Dual (32GB),"139,90 €"
Samsung Galaxy J2 Core (8GB),"90,69 €"
Huawei P Smart+ 2019 (64GB),"188,90 €"
TP-LINK Neffos C5A (8GB),"54,99 €"
Xiaomi Redmi Note 5a Prime (32GB),"145,00 €"
Xiaomi Mi A1 (32GB),"154,80 €"
Samsung Galaxy S7 (32GB),"339,90 €"
LG Q Stylus (32GB),"314,00 €"
Powertech PTM-07/08,"16,38 €"
Samsung Galaxy A8+ (2018) Dual (64GB),"479,00 €"
Cubot A5 (32GB),"109,40 €"
HTC U11 Plus (128GB),"620,00 €"
Honor 8A (32GB),"115,25 €"
Sony Xperia XA2 Ultra Dual (32GB),"224,80 €"
Alcatel 2003D,"24,99 €"
Ulefone Armor Mini,"30,99 €"
BlackView BV6800 Pro (64GB),"174,00 €"
Nokia 6.1 Dual (32GB),"150,50 €"
Meizu 16th (128GB),"483,00 €"
Samsung Galaxy A8 Star (64GB),"419,00 €"
Cubot J3 (16GB),"47,35 €"
Huawei P30 (128GB),"728,00 €"
Xiaomi Redmi 5 (16GB),"130,67 €"
Samsung Galaxy A9 2018 (128GB),"313,60 €"
Huawei P20 Pro (128GB),"449,80 €"
TP-LINK Neffos Y5s (16GB),"76,95 €"
OnePlus 5T (64GB),"515,00 €"
L8STAR BM10,"15,64 €"
TP-LINK Neffos X1 Lite (16GB),"80,00 €"
Huawei Y5 2018 Dual (16GB),"97,75 €"
Doogee X70 (16GB),"69,99 €"
OnePlus 5 (8GB/128GB),"457,03 €"
Huawei Mate 20 Lite (4GB/64GB),"211,90 €"
TP-LINK Neffos C9A (16GB),"86,60 €"
HTC U11 (4GB/64GB),"409,01 €"
CAT S41 (32GB),"359,00 €"
Xiaomi Redmi 5A (16GB),"107,88 €"
OnePlus 5 (64GB),"439,90 €"
Apple iPhone 8 (256GB),"638,95 €"
TP-LINK Neffos X1Max (32GB),"120,00 €"
Xiaomi Mi 9T (128GB),"390,82 €"
Lenovo Moto G5S Dual (3GB/32GB),"228,00 €"
Huawei P Smart Z (64GB),"223,50 €"
Cubot Max 2 (64GB),"163,64 €"
Ken Xin Da W55 (8GB),"48,90 €"
Sony Xperia XZ Premium (64GB),"327,55 €"
Huawei P Smart (32GB),"145,00 €"
Xiaomi Mi 6 (6GB/64GB),"499,00 €"
Honor 8 (32GB),"345,00 €"
Huawei P Smart+ (64GB),"188,60 €"
Huawei Mate 10 Pro (128GB),"598,00 €"
Xiaomi Black Shark 2 (128GB),"748,00 €"
Honor View 10 (128GB),"431,00 €"
Huawei Y6 Prime 2018 (32GB),"142,00 €"
Google Pixel 3 XL (64GB),"643,75 €"
Samsung Galaxy J8 (32GB),"204,90 €"
MLS Rocky (16GB),"129,90 €"
Nokia 8110 4G Dual,"43,38 €"
Ulefone S11 (16GB),"65,62 €"
Ulefone S10 Pro (16GB),"81,49 €"
AGM A8 (64GB),"195,00 €"
MLS MX Pro (64GB),"197,00 €"
Ulefone Power 5 (64GB),"285,00 €"
Motorola Moto G6 Dual (32GB),"131,80 €"
Sony Xperia XZ1 Compact (32GB),"314,90 €"
MLS MX 2019 (32GB),"112,89 €"
Huawei P10 Dual (64GB),"450,00 €"
Huawei P9 Lite (3GB/16GB),"199,00 €"
LG G7 Fit Dual (32GB),"190,05 €"
Sony Xperia XA2 (32GB),"260,00 €"
Nokia 9 PureView Dual (128GB),"518,00 €"
Honor 7X (64GB),"177,33 €"
OnePlus 3T (64GB),"369,90 €"
CAT S61,"754,90 €"
TP-LINK Neffos C5s (8GB),"56,50 €"
Samsung Galaxy J5 (2017) (16GB),"249,00 €"
Sony Xperia XZ Premium Dual (64GB),"470,00 €"
Fluo F Plus (16GB),"79,00 €"
Nokia 3.1 Plus (16GB),"121,60 €"
Samsung Galaxy S10 Dual (512GB),"642,60 €"
Asus Zenfone Max Pro M1 (4GB/64GB),"244,00 €"
OnePlus 3 (64GB),"372,16 €"
Ulefone S1 (8GB),"52,23 €"
Honor 7c (3GB/32GB),"138,59 €"
Fluo X (16GB),"63,69 €"
Ulefone S7 (16GB),"70,88 €"
Nokia 3310 (2017) Dual,"43,98 €"
Huawei Mate 9 Dual (64GB),"399,00 €"
Huawei P8/P9 Lite (2017) (16GB),"257,00 €"
BlackView BV1000,"29,75 €"
Nokia 216 Dual,"35,25 €"
Samsung Galaxy S9 Dual (256GB),"606,27 €"
Nokia 8 (64GB),"270,55 €"
Samsung Galaxy J8 Dual (64GB),"228,00 €"
Samsung Galaxy J4 Core (16GB),"132,75 €"
HTC U11 Dual (4GB/64GB),"347,55 €"
Huawei P8/P9 Lite Dual (2017) (16GB),"179,00 €"
Nokia 6.1 Plus (64GB),"280,00 €"
Cubot King Kong (16GB),"97,34 €"
Samsung Galaxy S9+ Dual (256GB),"609,00 €"
Honor 7A (32GB),"148,00 €"
Huawei P10 Plus (128GB),"610,00 €"
Huawei Nova (32GB),"243,00 €"
Samsung Galaxy J5 2016 (16GB),"152,00 €"
Honor 9 Lite (64GB),"175,00 €"
Fluo F (16GB),"69,00 €"
LeEco Le Max 2 (32GB),"169,89 €"
Xiaomi Black Shark (128GB),"536,00 €"
FlameFox Stone,"53,76 €"
Xiaomi Redmi Go (16GB),"69,75 €"
Huawei P9 (32GB),"190,00 €"
Xiaomi Redmi Note 5a Standard (16GB),"145,00 €"
TP-LINK Neffos X1Max (64GB),"169,00 €"
Ulefone Power 5S (64GB),"221,70 €"
Google Pixel 3a (64GB),"511,00 €"
Asus ZenFone 5,"335,00 €"
Ulefone X (64GB),"118,00 €"
Google Pixel 3 (64GB),"637,32 €"
Honor 6X (32GB),"210,60 €"
Huawei Mate 9 (64GB),"389,00 €"
Cubot X18 Plus,"143,50 €"
Honor 10 (128GB),"249,55 €"
AGM M2,"45,00 €"
Apple iPhone 6s Plus (32GB),"368,89 €"
Nokia 130 (2017) Dual,"18,00 €"
Oukitel C11 Pro (16GB),"99,00 €"
Archos Access 57 4G (16GB),"59,50 €"
Sony Xperia XZ2 Compact Dual (64GB),"551,30 €"
Samsung Galaxy A5 Duos 2017 (32GB),"242,00 €"
Blaupunkt BS 02,"34,00 €"
Oppo RX17 Pro (128GB),"707,00 €"
Oukitel U22 (16GB),"79,00 €"
Sony Xperia XA2 Ultra (32GB),"379,00 €"
Motorola Moto G7 Plus (64GB),"262,40 €"
Apple iPhone SE (64GB),"322,00 €"
Energizer Power Max P600S (64GB),"226,90 €"
Sharp Aquos S2 (64GB),"417,00 €"
Vernee T3 Pro (16GB),"96,00 €"
OnePlus 7 (256GB),"632,21 €"
Powertech Sentry GPS,"31,00 €"
Powertech Sentry Dual PTM-11,"40,00 €"
Huawei P9 Plus (64GB),"309,00 €"
Blaupunkt FL 02,"35,29 €"
Huawei P9 Dual (32GB),"239,00 €"
Motorola Moto G7 Dual (64GB),"215,00 €"
Nokia 210,"37,00 €"
Alcatel 1 (8GB),"55,03 €"
Sony Xperia L3 Dual (32GB),"192,90 €"
Ulefone Power 3S (64GB),"161,00 €"
Doogee S80 Lite (64GB),"314,99 €"
MLS MX Notch (64GB),"188,90 €"
CAT S31 Dual (16GB),"246,75 €"
HTC 10 (32GB),"261,57 €"
Samsung Galaxy J3 (2017) Duos (16GB),"146,32 €"
Honor 8 (64GB),"216,80 €"
Xiaomi Mi Note 2 (128GB),"490,00 €"
Lenovo Moto Z2 Play Dual (64GB),"498,00 €"
Motorola Moto G7 Play Dual (32GB),"127,00 €"
Xiaomi Mi Mix 2S (128GB),"358,34 €"
Cubot P20 (64GB),"136,99 €"
OnePlus 6T (6GB/128GB),"479,00 €"
Asus ZenFone 3 Zoom (ZE553KL) (64GB),"480,00 €"
Huawei P30 Pro Dual (8GB/128GB),"759,00 €"
Google Pixel 3a XL (64GB),"519,50 €"
Xiaomi Redmi 7A (16GB),"99,90 €"
Lenovo Moto G5 Plus (3GB/32GB),"149,50 €"
LG V30+ (128GB),"387,70 €"
LeEco LeTV Le S3 (4GB/32GB),"189,00 €"
TP-LINK Neffos C7A (16GB),"69,00 €"
Hisense H11 Infinity (32GB),"179,00 €"
Sony Xperia XZ2 Premium Dual (64GB),"468,00 €"
Samsung Galaxy S10 (128GB),"700,00 €"
Xiaomi Mi 6 (4GB/64GB),"369,90 €"
Samsung Galaxy S10+ Dual (512GB),"896,60 €"
Meizu M5 Note (16GB),"144,60 €"
Samsung Galaxy J2 (2018) (16GB),"123,00 €"
Xiaomi Redmi 7A (2GB/32GB),"109,00 €"
Samsung Galaxy A8s (128GB),"395,00 €"
Samsung Galaxy A30 (64GB),"214,00 €"
Ulefone Armor 5 (64GB),"199,00 €"
Apple iPhone 7 Plus (256GB),"859,94 €"
Samsung Galaxy A8 (2018) Dual (64GB),"500,00 €"
Powertech Milly PTM-09,"14,90 €"
Doogee S90 (128GB),"399,90 €"
Nokia 6 (32GB),"219,00 €"
Oukitel U20 Plus (16GB),"177,00 €"
Leagoo S8 (32GB),"135,00 €"
Cubot King Kong 3 (64GB),"205,90 €"
Honor 8S Dual (32GB),"129,00 €"
Alcatel A7 XL Dual (32GB),"119,89 €"
Cubot Nova (16GB),"77,25 €"
Samsung Galaxy J3 (2017) (16GB),"188,90 €"
Xiaomi Mi Mix (128 GB),"287,85 €"
L8STAR BM90 (320MB),"24,99 €"
Samsung Galaxy S10+ (128GB),"829,00 €"
BlackView BV5500 (16GB),"84,99 €"
HTC Desire 12 Dual (32GB),"114,00 €"
Ulefone S7 (8GB),"49,70 €"
Apple iPhone 6s (16GB),"347,00 €"
Lenovo Moto Z Play Dual (32GB),"159,99 €"
Alcatel 2003G,"23,00 €"
Nokia 5.1 (16GB),"121,17 €"
Hisense Infinity H12 (32GB),"219,99 €"
Meizu Note 8 (64GB),"158,70 €"
Meizu M6 Note (16GB),"108,00 €"
Doogee X60L (16GB),"75,36 €"
LG K10 Dual (2017) (16GB),"134,90 €"
Asus ZenFone 3 (ZE552KL) (64GB),"220,70 €"
Meizu M6T (16GB),"102,65 €"
MaxCom MM817,"29,99 €"
BlackView BV5500 Pro (16GB),"113,99 €"
Cubot Quest (64GB),"172,40 €"
Ulefone Power 3 (64GB),"195,85 €"
Blaupunkt FS 03,"22,78 €"
Evelatus Aron,"29,90 €"
AGM X3 (128GB),"699,00 €"
Nokia 8 Dual (64GB),"349,00 €"
MLS Range (16GB),"77,99 €"
Apple iPhone SE (128GB),"338,61 €"
Doogee S55 Lite (16GB),"134,90 €"
Alcatel Pop 4 (6) (16GB),"149,00 €"
OnePlus 6T (256GB),"540,16 €"
Samsung Galaxy S7 Edge (32GB),"593,96 €"
Sony Xperia XZ2 Premium (64GB),"467,00 €"
Samsung Galaxy Xcover 4s (32GB),"298,95 €"
VKworld Stone V3S,"31,90 €"
Samsung Galaxy J3 2016 (8GB),"160,00 €"
LG Q7+ (64GB),"173,95 €"
Nokia 222 Dual,"38,81 €"
LG Q6α (16GB),"109,50 €"
HTC U12 Life (64GB),"249,01 €"
Meizu M5c (16GB),"111,48 €"
Samsung Galaxy Note 9 (128GB),"709,01 €"
LG K11 Dual (16GB),"110,70 €"
Samsung Galaxy J5 Duos 2016 (16GB),"181,04 €"
Bea-fon SL810,"112,84 €"
Huawei Y6 II Compact (16GB),"143,84 €"
Blaupunkt FL 01,"33,91 €"
Evolveo Easyphone XD,"37,91 €"
Nokia 6.1 (32GB),"189,01 €"
CAT S40 Dual (16GB),"459,00 €"
Wiko Tommy 3 (16GB),"80,00 €"
TP-LINK Neffos C5 Plus (16GB),"59,91 €"
MLS Diamond 4G Fingerprint C8 Dual (32GB),"249,90 €"
Nokia 3 (16GB),"119,01 €"
Alcatel OneTouch 2045X,"40,00 €"
Vodafone Smart N8 (16GB),"80,00 €"
Evolveo Strongphone G8 (64GB),"245,01 €"
ZTE Axon 7 (64GB),"415,10 €"
Huawei P10 Plus (4GB/64GB),"399,01 €"
Olympia Joy II,"32,49 €"
Wileyfox Spark+ (16GB),"99,01 €"
Alcatel A3 XL (16GB),"155,01 €"
Evolveo Strongphone G4 (32GB),"309,01 €"
ZTE Blade A510 (8GB),"129,01 €"
Elephone C1 (16GB),"129,00 €"
ZTE Blade A512 Dual (16GB),"129,91 €"
Energizer Power Max P490S (16GB),"99,00 €"
Meizu M8 (64GB),"143,08 €"
Hisense F20 (8GB),"79,99 €"
Samsung Galaxy A6+ (2018) Dual (64GB),"268,00 €"
Nokia 5 (16GB),"81,80 €"
Alcatel 3X (32GB),"105,00 €"
Essential PH-1,"399,00 €"
Huawei P9 Lite Dual (3GB/16GB),"209,74 €"
Xiaomi Mi 5s Plus (128GB),"349,90 €"
Sony Xperia XZ (32GB),"236,23 €"
Google Pixel (32GB),"299,00 €"
LG K9 Dual (16GB),"83,25 €"
Cubot R9 (16GB),"65,30 €"
Samsung Galaxy A80,"651,00 €"
OnePlus 3T (128GB),"416,62 €"
Oukitel K10 (64GB),"328,99 €"
Doogee Y7 (32GB),"113,70 €"
Sony Xperia X Compact (32GB),"310,00 €"
Panasonic KX-TU456,"89,90 €"
Oukitel WP2 (64GB),"279,00 €"
General Mobile GM 8 (32GB),"130,17 €"
Hisense Infinity F17 Pro (16GB),"99,99 €"
Nokia 6 Dual (32GB),"199,00 €"
Gigaset GS185 (16GB),"165,80 €"
Google Pixel 3 XL (128GB),"826,77 €"
LG Q6 (3GB/32GB),"130,40 €"
Honor 7A (16GB),"128,80 €"
Ken Xin Da E&L S600,"32,18 €"
Samsung Galaxy S9+ (256GB),"604,80 €"
Olympia Primus,"39,89 €"
Ulefone Armor 6E (64GB),"236,59 €"
Ulefone Armor 6 (128GB),"362,90 €"
Sony Xperia XA1 Plus Dual (3GB/32GB),"167,50 €"
Nokia 4.2 (32GB),"146,90 €"
FlameFox Flip1,"20,90 €"
Blackberry Passport,"160,70 €"
ZTE Nubia Z17 mini (6GB/64GB),"159,90 €"
Blackberry KEYone Black Edition,"460,00 €"
Nokia 3310 (2017),"42,50 €"
TP-LINK Neffos C7 (16GB),"111,20 €"
Huawei P30 Pro (128GB),"770,00 €"
Alcatel 1066,"16,39 €"
TP-LINK Neffos X9 (32GB),"132,00 €"
MLS Easy TS 2018 4G (8GB),"57,89 €"
BlackView P6000 (64GB),"209,99 €"
Xiaomi Mi 5s Plus (64GB),"335,00 €"
ZTE Blade V8 Mini (16GB),"129,00 €"
Cubot J5 (16GB),"65,90 €"
Oukitel U7 Plus (16GB),"69,90 €"
Alcatel U5 3G (8GB),"77,90 €"
Samsung Galaxy A30 Dual (64GB),"214,25 €"
Zini Zanco Tiny T1,"83,00 €"
Motorola Moto G5s Plus Dual (4GB/32GB),"349,00 €"
MLS DX Lite (8GB),"85,00 €"
Hisense C20 (32GB),"139,99 €"
LG K10 Dual (2017) (16GB) Fingerprint,"139,00 €"
Blaupunkt SL 05 (16GB),"128,00 €"
Nokia 7.1 (32GB),"190,75 €"
Energizer Energy E11 Dual (32MB),"16,90 €"
Huawei Y6 2018 (16GB),"111,50 €"
Apple iPhone 7 (256GB),"648,30 €"
Olympia Bella,"28,00 €"
Archos Access 57 (8GB),"56,05 €"
Asus ZenFone Go (ZB500KG) (8GB),"68,30 €"
Sony Xperia L1 (16GB),"118,65 €"
LG K40 (32GB),"130,56 €"
Archos Core 60S (16GB),"76,47 €"
Cubot Max (32GB),"149,67 €"
Lenovo Moto E4 Plus Dual (16GB),"179,00 €"
Nokia 8.1 (128GB),"356,20 €"
Evolveo Strongphone G2 (16GB),"143,91 €"
BlackView BV9700 Pro (128GB),"342,31 €"
Energizer Energy E10+,"12,90 €"
Elephone P8 Mini (64GB),"199,50 €"
LG G8S ThinQ (128GB),"650,00 €"
Nokia 3.1 Plus (32GB),"144,00 €"
BlackView A20 Pro (16GB),"72,50 €"
LG Q60 Dual (64GB),"211,00 €"
LG K9 (16GB),"82,80 €"
LG Q7 (32GB),"132,75 €"
Vivo Nex S (128GB),"685,00 €"
Asus ROG Phone (512GB),"1.299,00 €"
OnePlus 7 Pro (128GB),"777,50 €"
LG G6+ (128GB),"455,00 €"
Sony Xperia XA2 Dual (32GB),"243,00 €"
Oukitel L3,"11,10 €"
MaxCom MM236,"39,99 €"
Doogee BL5500 Lite (16GB),"103,79 €"
Zopo Color C5i (16GB),"78,00 €"
MaxCom MM237 Dual,"39,99 €"
MaxCom Comfort MM426,"24,99 €"
Honor 6X (64GB),"264,12 €"
Alcatel 2053D,"33,00 €"
Huawei Y7 (2018) (16GB),"163,80 €"
BlackView A30 (16GB),"66,80 €"
Apple iPhone 5S (16GB),"177,90 €"
Blackberry KEYone Bronze Edition (64GB),"307,90 €"
Lenovo K9 Note (64GB),"144,00 €"
Cubot J3 Pro (16GB),"86,00 €"
Meizu M5 Note (32GB),"189,00 €"
Doogee S30 (16GB),"118,00 €"
TP-LINK Neffos C9 (16GB),"99,99 €"
Ulefone Mix 2 (16GB),"98,00 €"
Ulefone S9 Pro (16GB),"73,59 €"
Ulefone T1 (64GB),"155,10 €"
Asus ZenFone 4 (4GB/64GB) (ZE554KL),"290,00 €"
Sony Xperia X (32GB),"248,90 €"
Samsung Galaxy Note 9 (512GB),"738,00 €"
Samsung Galaxy M20 (64GB),"216,07 €"
Huawei P10 Lite (3GB/32GB),"239,00 €"
ZTE Blade V8 (32GB),"209,00 €"
Doro PhoneEasy 613,"66,68 €"
Asus Zenfone Max Plus (M1) (3GB/32GB),"309,00 €"
OnePlus 7 (128GB),"593,90 €"
MaxCom MM824,"49,98 €"
Meizu M6 Note (64GB),"365,00 €"
BlackView S8 (64GB),"149,00 €"
Doogee X90 (16GB),"67,84 €"
HTC Desire 12+ (32GB),"189,00 €"
Sony Xperia XZs (32GB),"312,57 €"
Alcatel 1X Dual (16GB),"60,00 €"
Ulefone Mix (64GB),"163,00 €"
Samsung Galaxy J7 Prime 2 (32GB),"188,00 €"
Doogee X53 (16GB),"58,67 €"
Vivo X21 UD (128GB),"373,64 €"
HTC U11 Dual (6GB/128GB),"569,00 €"
Oukitel C10 (8GB),"56,89 €"
Lenovo S5 (64GB),"141,50 €"
Apple iPhone 6 Plus (16GB),"277,30 €"
Blackberry KEYone,"299,01 €"
Doogee S60 (64GB),"265,98 €"
Powertech PTM-05/06,"18,70 €"
Lenovo K5 2018 (32GB),"139,00 €"
Sony Xperia XZ2 Dual (64GB),"529,00 €"
Nokia 150 Dual,"27,43 €"
Nokia 8 Sirocco (128GB),"599,03 €"
FlameFox Care1,"16,43 €"
Motorola Moto X4 (32GB),"156,16 €"
BlackView BV9500 Pro (128GB),"374,99 €"
Doogee BL5000 (64GB),"183,50 €"
HomTom Zoji Z33 (32GB),"164,00 €"
L8STAR GTStar BM50,"20,88 €"
Honor 7S (16GB),"84,75 €"
Meizu M6 (16GB),"84,79 €"
TP-LINK Neffos Y5 (16GB),"82,70 €"
Vertex K205,"65,90 €"
BlackView BV9600 Pro (128GB),"360,00 €"
Alcatel 1C 2019 (8GB),"52,40 €"
Oukitel C8 4G (16GB),"87,70 €"
Thomson Serea 63,"58,70 €"
Asus ZenFone 3 Max (ZC553KL) (32GB),"159,00 €"
Oukitel C8 3G (16GB),"81,50 €"
MaxCom MM142,"21,99 €"
Leagoo KIICAA Power (16GB),"80,00 €"
General Mobile GM 6 (32GB),"122,60 €"
BlackView A20 (8GB),"50,54 €"
Alcatel 3025,"59,90 €"
Ulefone Armor 3 (64GB),"259,00 €"
Sony Xperia XA1 Plus (32GB),"158,62 €"
Energizer Hardcase H550S (32GB),"354,00 €"
Blu Tank 2.4 Torch,"32,90 €"
Asus Zenfone Max Pro M2 (128GB),"369,00 €"
Xiaomi Mi Mix 2 Special Edition (128GB),"381,18 €"
Oukitel WP5000 (64GB),"299,00 €"
MaxCom MM825,"59,99 €"
Nokia 2.1 (8GB),"94,00 €"
Huawei P10 Plus Dual (128GB),"407,00 €"
Energizer Energy E520 LTE Dual (16GB),"226,99 €"
BlackView BV5800 Pro (16GB),"156,00 €"
Oppo RX17 Neo (128GB),"348,00 €"
FlameFox Easy3,"11,30 €"
Huawei Honor 6a (16GB),"144,00 €"
LG K11 Plus (32GB),"123,90 €"
CAT S60 (32GB),"361,10 €"
BlackView BV8000 Pro (64GB),"228,99 €"
Oukitel U15 Pro (32GB),"149,89 €"
Ulefone Armor X (16GB),"135,99 €"
Doogee X11 (8GB),"47,59 €"
MLS Liberal (64GB),"157,64 €"
TP-LINK Neffos X1 (16GB),"127,90 €"
Thomson TLINK T12,"29,00 €"
Samsung Galaxy S8+ Dual (64GB),"473,00 €"
Doogee S40 (16GB),"136,60 €"
eStar S20,"39,99 €"
Sony Xperia XZ3 (64GB),"548,00 €"
AGM A8 (32GB),"169,00 €"
HomTom Zoji Z11 (64GB),"214,00 €"
Powertech Sentry,"31,65 €"
Asus ZenFone 3 Max (32GB) (ZC520TL),"148,00 €"
TP-LINK Neffos C5 Max (16GB),"129,00 €"
BlackView A60 Pro (16GB),"108,80 €"
MLS Easy Flip (8GB),"92,93 €"
MaxCom MS571 (32GB),"249,98 €"
MyPhone Halo 2,"34,90 €"
Lenovo Moto Z Dual (32GB),"284,00 €"
Sony Xperia E5 (16GB),"88,32 €"
CAT B35 (4GB),"94,25 €"
Nokia 5.1 (32GB),"126,38 €"
ZTE Blade L130 (8GB),"49,90 €"
Blu Tank JR Plus,"29,90 €"
Ulefone Vienna (32GB),"111,73 €"
Motorola Moto Z3 Play Dual (64GB),"216,32 €"
LG V30 Dual (64GB),"312,80 €"
MLS DX 4G (16GB),"99,00 €"
Xiaomi Mi Mix 2 (128GB),"333,86 €"
LG Q6 Dual (3GB/32GB),"170,00 €"
Lenovo K5 Pro (64GB),"185,00 €"
Xiaomi Qin 1S (512MB),"43,38 €"
Doogee S55 (64GB),"188,99 €"
ZTE Blade L110 (8GB),"48,00 €"
Lenovo Moto M Dual (3GB/32GB),"276,50 €"
L8STAR BM70,"23,97 €"
Hisense Infinity F17 3G (16GB),"79,99 €"
Motorola Moto G6 (64GB),"212,80 €"
Evelatus Samson,"39,50 €"
MaxCom Strong MM917,"74,99 €"
Ulefone Power 3L (16GB),"98,58 €"
Lenovo Moto Z Play (32GB),"249,00 €"
Alcatel OneTouch 1016G,"14,88 €"
Archos Core 62S (16GB),"82,01 €"
Sony Xperia XZ1 Dual (64GB),"420,00 €"
MaxCom MM36D,"49,98 €"
Alcatel Shine Lite (16GB),"145,01 €"
Blackberry Evolve (64GB),"322,00 €"
Oukitel K7 Power (16GB),"169,99 €"
Cubot Manito (16GB),"89,00 €"
Vivo Nex Dual Display (128GB),"850,00 €"
MaxCom MM35D,"39,99 €"
Apple iPhone 6s Plus (128GB),"499,90 €"
Lenovo Moto C (3G) (8GB),"79,00 €"
Asus ROG Phone (128GB),"1.079,00 €"
MaxCom MM471,"37,99 €"
Samsung Galaxy Note 8 Dual (128GB),"840,00 €"
Asus Zenfone Live (16GB),"138,00 €"
TP-LINK Neffos Y50 (8GB),"47,78 €"
Blu Studio Mega (8GB),"97,76 €"
Blu Grand XL LTE (16GB),"132,58 €"
Blu Grand XL (8GB),"91,07 €"
Blu Studio J8 LTE (16GB),"127,22 €"
Meiigoo S8 (64GB),"239,00 €"
Bea-fon SL640,"86,80 €"
Asus Zenfone 4 (6GB/64GB) (ZE554KL),"275,00 €"
Google Pixel 3 (128GB),"818,90 €"
Alcatel 1C Dual (16GB),"79,00 €"
Samsung Galaxy Note 8 Dual (256GB),"950,00 €"
Samsung Galaxy A7 (2018) Dual (128GB),"270,00 €"
Techmade Tech Smart PM280,"18,00 €"
L8STAR BM30,"17,85 €"
Fluo Z (64GB),"128,90 €"
Fluo K (16GB),"69,01 €"
Sony Xperia Z5 Dual (32GB),"255,00 €"
Emporia Prime,"111,94 €"
Asus ZenFone 4 Selfie Pro (ZD552KL),"375,00 €"
Nokia 6.1 (64GB),"280,00 €"
Meizu 15 Lite Dual (32GB),"235,00 €"
Bea-fon C350,"42,47 €"
AllCall Madrid 3G (8GB),"57,90 €"
VKworld T5 SE (8GB),"49,90 €"
Elephone P9000E (32GB),"237,00 €"
Huawei Mate 20 (4GB/128GB),"382,72 €"
Nokia 6 Dual (64GB),"260,00 €"
Blaupunkt TX 01 (32GB),"166,83 €"
Sony Xperia XZ2 Compact (64GB),"429,00 €"
Oukitel U25 Pro (64GB),"159,00 €"
Meizu M15 (64GB),"337,00 €"
Meizu X8 (64GB),"240,00 €"
Doogee S70 Lite (64GB),"279,99 €"
Motorola Moto G6 Play Dual (32GB),"126,00 €"
MaxCom Comfort MM750,"54,99 €"
Samsung Galaxy S10+ (512GB),"1.290,00 €"
MaxCom Comfort MM751,"69,99 €"
Nokia 230 Dual,"48,99 €"
Fluo X2 Max (32GB),"139,00 €"
MaxCom Classic MM134,"18,99 €"
Lenovo Moto M Dual (4GB/32GB),"140,64 €"
Doogee S70 (64GB),"312,00 €"
LG X Power 2 Dual (16GB),"110,00 €"
Ulefone S1 Pro (16GB),"65,62 €"
General Mobile GM 8 Go (16GB),"68,82 €"
LG K10 (2017) (16GB) Fingerprint,"149,90 €"
Archos Access 50S (8GB),"53,43 €"
Oukitel U23 (64GB),"263,00 €"
Lenovo Moto C Plus Dual (1GB/16GB),"125,00 €"
Blu Diva Flex,"34,89 €"
Elephone C1X (16GB),"125,00 €"
MaxCom MS456 (8GB),"189,99 €"
ZTE R340E,"54,29 €"
Samsung Galaxy S9+ Dual (128GB),"609,00 €"
Leagoo M9 (16GB),"85,00 €"
Fluo N (32GB),"148,00 €"
Emporia TALKsmart,"83,00 €"
Huawei Mate 10 Porsche Design (256GB),"596,90 €"
Doro Primo 366,"40,82 €"
Samsung Galaxy S10 (512GB),"1.190,00 €"
Sony Xperia XA2 Plus Dual (64GB),"359,00 €"
Meizu X8 (128GB),"285,00 €"
Hisense F22 (8GB),"109,99 €"
BlackView P2 (64GB),"133,82 €"
MaxCom MS457 Strong (16GB),"149,99 €"
Meizu 16th (64GB),"437,00 €"
Lenovo K5 Play (32GB),"114,90 €"
ZTE R341,"26,98 €"
Xiaomi Black Shark (64GB),"348,32 €"
Blaupunkt SM 02 (8GB),"81,40 €"
Apple iPhone 6s (128GB),"495,90 €"
Evelatus Wave,"48,40 €"
Alcatel U5 HD Premium (16GB),"86,90 €"
Emporia Pure,"59,46 €"
Alcatel 2008,"34,39 €"
Sony Xperia L2 (32GB),"149,00 €"
STK R45I,"18,50 €"
Gigaset GS100 (8GB),"79,00 €"
MaxCom MM135,"18,99 €"
Felix FPH-117,"23,70 €"
Sencor Element P004,"49,00 €"
MaxCom MM462,"32,99 €"
Doogee BL9000 (64GB),"299,00 €"
Archos Sense 55S (16GB),"83,99 €"
Alcatel 1054X,"15,03 €"
Asus ZenFone 5 Lite (SDM630),"267,00 €"
LG K10 (2017) (16GB),"132,00 €"
Ulefone U007 (8GB),"75,00 €"
Blackberry Key2 Dual (64GB),"630,90 €"
Blu Tank II,"27,60 €"
Samsung Galaxy S9 Dual (128GB),"613,40 €"
Fluo V2 (8GB),"63,00 €"
MLS Color Fingerprint 4G (16GB),"87,99 €"
Elari NanoPhone,"54,90 €"
MaxCom MM428,"22,98 €"
Archos Access 45 (8GB),"47,56 €"
Ulefone Power 2,"200,00 €"
Evelatus Rock,"59,90 €"
Blaupunkt SL 04 (8GB),"78,70 €"
Alcatel 3C (16GB),"81,90 €"
Evelatus EASY01,"19,90 €"
Olympia Mira,"69,44 €"
Doogee Y8 Plus Dual (32GB),"143,80 €"
Asus ZenFone 5Z (6GB/64GB),"599,00 €"
FlameFox Rock,"30,00 €"
Motorola Moto G5S Plus Dual (3GB/32GB),"158,80 €"
AGM X3 (64GB),"599,00 €"
ZTE Blade A7 Vita (32GB),"126,00 €"
Nokia 3 Dual (16GB),"126,00 €"
LG K8 (2017) (16GB),"110,25 €"
Samsung Galaxy J1 Mini Prime 4G (8GB),"75,00 €"
BlackView BV6000 (32GB),"177,00 €"
Doogee Mix Lite (16GB),"133,00 €"
Ken Xin Da W50 (8GB),"53,90 €"
Oukitel WP1 (64GB),"233,00 €"
Xiaomi Mi 6 (128GB),"449,00 €"
Alcatel 1054D,"19,95 €"
BlackView BV9000 (64GB),"230,19 €"
Doro 5030,"49,34 €"
Doro 8040 (16GB),"271,60 €"
TP-LINK Neffos X1 (32GB),"148,00 €"
Alcatel 2051D,"51,63 €"
MaxCom MM136,"19,99 €"
Ken Xin Da Ken X5 (16GB),"79,00 €"
Blackberry KEYone Bronze Edition Dual (64GB),"339,00 €"
Huawei Y5 (2018) (16GB),"99,90 €"
Lenovo Moto Z2 Play (64GB),"223,32 €"
MaxCom MM461,"36,90 €"
Meizu M8c (16GB),"132,00 €"
MLS MX Plus (32GB),"188,90 €"
Motorola Moto E5 Plus Dual (32GB),"177,32 €"
Hisense Infinity F24 (16GB),"119,99 €"
Lenovo Moto G5 Dual (2GB/16GB),"141,45 €"
Vivo V9 (64GB),"253,68 €"
Ken Xin Da R7 (8GB),"54,85 €"
Alcatel U3 3G 4049D (4GB),"49,90 €"
Doogee X30 (16GB),"95,90 €"
Lenovo Moto E4 Dual (16GB),"139,00 €"
Doogee S60 Lite (32GB),"229,99 €"
Doro 5516,"73,63 €"
HTC U Ultra Dual (64GB),"221,71 €"
Asus Zenfone 3S Max (ZC521TL),"225,00 €"
Sony Xperia XZ Dual (64GB),"330,00 €"
Nokia 8110 4G (4GB),"43,85 €"
MaxCom MM143,"37,99 €"
Nokia 1 (8GB),"60,00 €"
MaxCom Maxton Classic M55,"17,50 €"
Hisense F23 (16GB),"124,99 €"
Xiaomi Mi 5s (128GB),"301,00 €"
BlackView BV7000 Pro (64GB),"206,90 €"
MLS Phab 3G (8GB),"89,00 €"
MaxCom MS553 FS (16GB),"114,98 €"
Doogee X55 (16GB),"93,00 €"
Huawei Y7 (16GB),"132,00 €"
MLS Flame 4G 2018 (8GB),"69,90 €"
Lenovo Moto C Plus Dual (2GB/16GB),"117,12 €"
Meizu M5 (16GB),"162,00 €"
Nokia 3310 (2017) 3G Dual,"54,00 €"
MaxCom MS514 (8GB),"69,99 €"
Evelatus EF01,"29,50 €"
Sony Xperia XA1 (32GB),"189,74 €"
Blackberry DTEK60 (32GB),"239,84 €"
LG K4 (2017) (8GB),"79,90 €"
Leagoo M5 (16GB),"85,00 €"
Blackberry DTEK50 (16GB),"250,00 €"
Asus Zenfone AR (64GB),"989,00 €"
BlackView BV4000 (8GB),"148,90 €"
Zopo Flash X2 (16GB),"130,00 €"
Doogee X20 (1GB/16GB),"73,80 €"
MaxCom MM128,"19,99 €"
Vivo V7 (32GB),"260,60 €"
BlackView A8 Max (16GB),"79,00 €"
Vivo X20 Plus (64GB),"324,40 €"
Lenovo Moto C Dual (16GB),"89,90 €"
Ulefone Tiger 4G (16GB),"106,64 €"
eStar A18,"13,90 €"
Zopo Flash X1 (16GB),"117,90 €"
Alcatel 10.50D,"17,90 €"
MaxCom MM129,"17,88 €"
BlackView BV6000s (16GB),"127,00 €"
Asus ZenFone 3 Deluxe (64GB) (ZS550KL),"259,00 €"
Asus Zenfone Max Pro M1 (6GB/64GB),"256,00 €"
Lenovo Moto G4 Plus (16GB) Dual Sim,"149,91 €"
Huawei Nova Smart (16GB),"174,00 €"
Cubot R15 (16GB),"96,80 €"
Sony Xperia C5 Ultra Dual (16GB),"261,57 €"
MaxCom Smart MS514 FS (8GB),"79,99 €"
Nokia 2 Dual (8GB),"91,76 €"
Vernee Mars (32GB),"194,00 €"
Blu Tank 4,"44,90 €"
ZTE Blade V9,"172,00 €"
Zopo P5000 (64GB),"265,00 €"
MLS MX 4G (32GB),"118,89 €"
MaxCom Strong MM920,"64,00 €"
Blu Grand X (8GB),"117,88 €"
Vivo X20 (64GB),"305,20 €"
Ulefone U008 Pro (16GB),"96,72 €"
Zopo Z5000 (64GB),"235,00 €"
Motorola Moto E5 Plus Dual (16GB),"99,99 €"
General Mobile GM 5 Plus Dual (32GB),"225,00 €"
eStar A24,"24,99 €"
Ulefone S8 (16GB),"95,00 €"
Meizu Pro 6 Plus (64GB),"260,25 €"
MaxCom Strong MM899,"39,98 €"
Denver SDQ-55024L (16GB),"159,00 €"
Alcatel U5 Premium (16GB),"74,99 €"
Denver SDQ-50002G (16GB),"109,00 €"
Alcatel OneTouch Pop 4 (8GB),"60,00 €"
MaxCom Maxton Classic M60,"29,00 €"
FlameFox Simple1,"18,27 €"
ZTE Blade A6 (32GB),"157,48 €"
Ken Xin Da Ken J7 (8GB),"56,90 €"
Nokia 105 (2017),"23,90 €"
MLS Slice 4G (16GB),"69,00 €"
eStar A28,"22,00 €"
Google Pixel 2 (128GB),"513,36 €"
BlackView BV7000 (16GB),"168,00 €"
Ulefone Mix S (16GB),"90,00 €"
Alcatel A7 (32GB),"338,00 €"
Sony Xperia XZs Dual (64GB),"439,00 €"
ZTE Blade V7 Lite (16GB),"170,90 €"
Geotel A1 (8GB),"134,90 €"
Denver FAS-18100M,"32,90 €"
MaxCom Strong MM910,"44,90 €"
Wiko View (16GB),"141,86 €"
MaxCom MM141,"32,00 €"
Alcatel U5 Fingerprint (16GB),"88,35 €"
Alcatel U5 HD (8GB),"78,99 €"
Apple iPhone 6 (128GB),"594,59 €"
LG G6 Dual (64GB),"314,14 €"
Alcatel A2 XL (8GB),"86,69 €"
Powertech Aid+,"21,90 €"
MaxCom MM720,"39,99 €"
Alcatel U5 (8GB),"60,00 €"
Cubot X16 S (16GB),"105,00 €"
Huawei Y7 Prime (32GB),"253,00 €"
Denver WAS-18110M,"23,80 €"
VKworld New Stone V3,"41,90 €"
Blu Grand Max (8GB),"73,61 €"
Asus Zenfone Go ZB552KL (16GB),"169,80 €"
HTC U11 Life,"366,50 €"
MaxCom MS453 (8GB),"59,00 €"
Asus ZenFone 4 Selfie (ZD553KL),"265,00 €"
Blu Joy,"41,90 €"
ZTE Blade V8 Lite (16GB),"129,00 €"
Blaupunkt FM 02,"26,30 €"
Blu Vivo 5R (32GB),"142,47 €"
Elephone C1Max (32GB),"147,00 €"
Meizu M5s (16GB),"119,90 €"
Doogee Mix (6GB/64GB),"236,00 €"
Doogee Mix (4GB/64GB),"184,00 €"
MLS Alu 5.5 3G (8GB),"87,29 €"
Alcatel OneTouch Pixi 4 (6) (16GB),"180,00 €"
Hisense F30 Pureshot Lite (16GB),"129,99 €"
"Alcatel OneTouch Pixi 4 (4"") (4GB)","49,84 €"
LG G6 Dual (32GB),"269,40 €"
Lenovo Moto C (16GB),"89,81 €"
Alcatel A3 (16GB),"169,90 €"
LG K8 Dual (2017) (16GB),"134,80 €"
Asus ZenFone 3 Deluxe (32GB) (ZS550KL),"449,00 €"
Alcatel U3 2018 (4GB),"45,79 €"
Meizu M5 (32GB),"139,90 €"
Ulefone Armor (32GB),"195,00 €"
Meizu Pro 6s (64GB),"243,16 €"
Ulefone U007 Pro (8GB),"82,90 €"
Ulefone Power (16GB),"208,12 €"
Lenovo A7700 (16GB),"222,00 €"
Energizer Energy 100,"29,89 €"
Samsung Galaxy A7 (16GB),"390,50 €"
Lenovo Moto Z (64GB),"370,00 €"
Lenovo C2 (8GB),"120,00 €"
Vivo Y55 (16GB),"280,00 €"
General Mobile GM 5 Dual (16GB),"125,90 €"
HTC U Play (64GB),"205,00 €"
Vivo Y66 (32GB),"299,00 €"
Vivo X9 (64GB),"448,00 €"
Elephone R9 (3GB/32GB),"239,73 €"
MaxCom MM715BB & Βραχιόλι SOS,"89,99 €"
Ulefone Armor 2 (64GB),"215,61 €"
Asus Zenfone 3 (32GB),"238,90 €"
MLS F5 (16GB),"69,00 €"
LG K4 Dual (2017) (8GB),"84,90 €"
MLS iQTalk Titan 4G (16GB),"149,00 €"
VKworld Z3310,"46,90 €"
MLS Status 4G Dual (8GB),"79,00 €"
Blu Pure XR (64GB),"323,34 €"
Ulefone Gemini (32GB),"119,00 €"
LG Q Stylus+ (64GB),"342,00 €"
Fluo V Plus (16GB),"59,00 €"
Blackberry Leap (16GB),"242,90 €"
Blaupunkt FM 01 Slider,"43,90 €"
HTC One S9 (16GB),"360,00 €"
CAT B25 Dual,"46,30 €"
Meizu M3E (32GB),"220,00 €"
HTC 10 evo,"318,00 €"
Ulefone Tiger 3G (16GB),"79,00 €"
MLS Ruby 4G (16GB),"169,00 €"
Elari CardPhone,"34,90 €"
MLS Easy S (8GB),"69,91 €"
FlameFox Easy2,"14,50 €"
HTC Desire 830 (32GB),"200,00 €"
Alcatel OneTouch 1052G,"17,11 €"
MLS Diamond 4G Fingerprint TS Dual (32GB),"299,90 €"
ZTE Blade A520 (16GB),"89,57 €"
Alcatel OneTouch Pixi 4 (6) 3G (8GB),"80,60 €"
Blu Z3 Music,"19,90 €"
MLS Fab 4G (8GB),"49,90 €"
Alcatel OneTouch 1016D,"15,90 €"
Alcatel OneTouch 1052D,"22,90 €"
